login_ID,Customer_Name,Customer_Age,Customer_Occupation
2,Judy,19,Hair dresser
4,Norma,18,Student
4,Cloris,25,Salesperson
4,Smith,56,CEO
4,John,10,Student
4,Chandler,30,Actor
4,Joey,30,Dentist
2,Sha,24,Blogger
2,Luping,26,Programmer
2,Yuhuan,23,Accountant
2,Pheobe,27,Massager
2,Lao,30,Auditor
2,Jashywa,38,Designer
3,Rebecca,21,Salesperson
3,Rebecca,21,Student
3,Norma,35,Teacher
1,Lynn,18,Architecture
1,Luping,30,Electrical Engineer
5,Mike,32,Electrical Engineer
5,Tom,56,Professor
5,Lisa,52,Business Woman
11,Si,23,Student
