Product_ID,Product_Name,Category,Manufacturer
QuickCharger,QuickCharger,Accessory,Huawei
Ideapad3,Ideapad3,Laptop,Lenovo
XBR-65A8H,XBR-65A8H,TV,Sony
iphone 11,iphone 11,Phone,Apple
WHISTLE Blue_Combo,WHISTLE Blue_Combo,PetTracker,Whistle
Mouse,Mouse,Accessory,Huawei
SONY 310,SONY 310,Headphone,Sony
GARMIN V3,GARMIN V3,FitnessWatch,Garmin
M4800,M4800,Laptop,Lenovo
Nest Mini,Nest Mini,VoiceAssistant,Google
P30,P30,Phone,Huawei
5.1 set,5.1 set,SoundSystem,Bose
Mac15,Mac15,Laptop,Apple
AirpodsPro,AirpodsPro,Accessory,Apple
Z506,Z506,SoundSystem,Logitech
SONY Dial3,SONY Dial3,SmartWatch,Sony
WHISTLE Go_Explore,WHISTLE Go_Explore,PetTracker,Whistle
50LF621U21,50LF621U21,TV,TCL
Latest Mac15,Latest Mac15,Laptop,Apple
X800H,X800H,TV,Sony
Y9,Y9,Phone,Huawei
WirelessCharger,WirelessCharger,Accessory,Huawei
iphone xr,iphone xr,Phone,Apple
Earpods3.5,Earpods3.5,Accessory,Apple
