Order_ID,login_ID,Customer_Name,Customer_Age,Customer_Occupation,Credit_card,Order_Date,Expected_Date,Actual_Date,Product_ID,Product_Name,Category,Manufacturer,Review_Rating,Delivery_Tracking_ID,Delivery_Type,Delivery_Zip,Transactions_Status,Order_Returned,Delivery_on_Time
51505,2,Judy,19,Hair dresser,3245-7192-8192,8/2/2020,13/2/2020,15/2/2020,QuickCharger,QuickCharger,Accessory,Huawei,5,c2,Home Delivery,60608,Approved,No,No
52736,4,Norma,18,Student,6182-1829-9182,26/8/2020,31/8/2020,31/8/2020,Ideapad3,Ideapad3,Laptop,Lenovo,5,c4,Home Delivery,60616,Approved,No,Yes
53055,4,Cloris,25,Salesperson,8291-9281-8291,11/4/2020,16/4/2020,16/4/2020,XBR-65A8H,XBR-65A8H,TV,Sony,2,c4,Store pickup,21076,Disputed,Yes,Yes
53256,4,Smith,56,CEO,0974-3573-9736,25/5/2020,30/5/2020,30/5/2020,iphone 11,iphone 11,Phone,Apple,5,c4,Store pickup,95273,Approved,No,Yes
53447,4,John,10,Student,7291-2918-8192,26/7/2020,31/7/2020,30/7/2020,WHISTLE Blue_Combo,WHISTLE Blue_Combo,PetTracker,Whistle,5,c4,Home Delivery,60616,Approved,Yes,Yes
54150,4,Chandler,30,Actor,7291-9201-9023,28/10/2020,2/11/2020,1/11/2020,Mouse,Mouse,Accessory,Huawei,5,c4,Home Delivery,60616,Approved,No,Yes
54827,4,Joey,30,Dentist,8291-9281-8291,3/1/2020,8/1/2020,8/1/2020,SONY 310,SONY 310,Headphone,Sony,5,c4,Home Delivery,21076,Approved,No,Yes
55006,2,Sha,24,Blogger,7192-9217-8391,5/3/2020,10/3/2020,8/3/2020,GARMIN V3,GARMIN V3,FitnessWatch,Garmin,5,c2,Home Delivery,60608,Approved,No,Yes
55108,2,Luping,26,Programmer,7921-8291-7219,29/6/2020,4/7/2020,6/7/2020,M4800,M4800,Laptop,Lenovo,1,c2,Home Delivery,60608,Approved,No,No
55206,2,Yuhuan,23,Accountant,1231-8291-8301,20/4/2020,25/4/2020,23/4/2020,Nest Mini,Nest Mini,VoiceAssistant,Google,5,c2,Home Delivery,60608,Disputed,No,Yes
55505,2,Judy,19,Hair dresser,3245-7192-8192,23/8/2020,28/8/2020,29/8/2020,P30,P30,Phone,Huawei,1,c2,Home Delivery,60608,Approved,No,No
55506,2,Pheobe,27,Massager,7291-8291-7291,14/6/2020,19/6/2020,18/6/2020,5.1 set,5.1 set,SoundSystem,Bose,5,c2,Home Delivery,60608,Approved,No,Yes
55507,2,Lao,30,Auditor,7281-7291-7281,1/9/2020,6/9/2020,7/9/2020,Mac15,Mac15,Laptop,Apple,2,c2,Store pickup,95273,Approved,No,No
55508,2,Lao,30,Auditor,7281-7291-7281,13/8/2020,18/8/2020,19/8/2020,AirpodsPro,AirpodsPro,Accessory,Apple,3,c2,Store pickup,95273,Approved,No,No
55509,2,Jashywa,38,Designer,7382-7392-1092,5/6/2020,10/6/2020,10/6/2020,Z506,Z506,SoundSystem,Logitech,4,c2,Home Delivery,60608,Approved,No,Yes
162726,3,Rebecca,21,Salesperson,2819-2791-8921,13/5/2020,18/5/2020,17/5/2020,GARMIN V3,GARMIN V3,FitnessWatch,Garmin,5,c3,Store pickup,95273,Disputed,Yes,Yes
162904,3,Rebecca,21,Salesperson,7391-2389-3891,20/4/2020,25/4/2020,23/4/2020,SONY Dial3,SONY Dial3,SmartWatch,Sony,2,c3,Store pickup,95273,Approved,Yes,Yes
163000,3,Rebecca,21,Student,7312-2921-7391,4/4/2020,9/4/2020,11/4/2020,WHISTLE Go_Explore,WHISTLE Go_Explore,PetTracker,Whistle,5,c3,Store pickup,95273,Approved,No,No
163139,3,Norma,35,Teacher,2628-3891-3719,13/5/2020,18/5/2020,16/5/2020,AirpodsPro,AirpodsPro,Accessory,Apple,2,c3,Store pickup,91278,Disputed,No,Yes
163356,1,Lynn,18,Architecture,3721-3829-3891,27/1/2020,1/2/2020,30/1/2020,50LF621U21,50LF621U21,TV,TCL,1,c1,Home Delivery,21076,Disputed,Yes,Yes
163503,1,Lynn,18,Architecture,7029-2891-7391,30/8/2020,4/9/2020,4/9/2020,Latest Mac15,Latest Mac15,Laptop,Apple,3,c1,Home Delivery,21076,Approved,Yes,Yes
163618,1,Luping,30,Electrical Engineer,9201-2891-7381,1/2/2020,6/2/2020,7/2/2020,X800H,X800H,TV,Sony,5,c1,Store pickup,91278,Approved,Yes,No
163727,5,Mike,32,Electrical Engineer,6281-9021-6720,17/4/2020,22/4/2020,22/4/2020,Y9,Y9,Phone,Huawei,5,c5,Home Delivery,29087,Approved,No,Yes
163728,5,Mike,32,Electrical Engineer,6281-9021-6720,27/10/2020,1/11/2020,30/10/2020,WirelessCharger,WirelessCharger,Accessory,Huawei,5,c5,Home Delivery,29087,Disputed,Yes,Yes
164700,5,Tom,56,Professor,9201-2791-7281,15/1/2020,20/1/2020,18/1/2020,Y9,Y9,Phone,Huawei,1,c5,Home Delivery,29088,Approved,No,Yes
164701,5,Tom,56,Professor,9201-2791-7281,12/8/2020,17/8/2020,15/8/2020,QuickCharger,QuickCharger,Accessory,Huawei,3,c5,Home Delivery,29087,Approved,Yes,Yes
164919,5,Lisa,52,Business Woman,8291-8291-3681,27/7/2020,1/8/2020,1/8/2020,Latest Mac15,Latest Mac15,Laptop,Apple,5,c5,Home Delivery,29088,Disputed,Yes,Yes
164920,5,Lisa,52,Business Woman,8291-8291-3681,7/2/2020,12/2/2020,15/2/2020,AirpodsPro,AirpodsPro,Accessory,Apple,4,c5,Home Delivery,29088,Approved,No,No
165059,11,Si,23,Student,9092-7291-8391,24/6/2020,29/6/2020,2/7/2020,iphone xr,iphone xr,Phone,Apple,5,c7,Store pickup,27837,Approved,No,No
165060,11,Si,23,Student,9092-7291-8391,29/8/2020,3/9/2020,4/9/2020,AirpodsPro,AirpodsPro,Accessory,Apple,5,c7,Store pickup,27837,Disputed,No,No
165061,11,Si,23,Student,9092-7291-8391,2/10/2020,7/10/2020,10/10/2020,Earpods3.5,Earpods3.5,Accessory,Apple,1,c7,Store pickup,27837,Approved,No,No
165062,4,Cloris,25,Salesperson,7281-8291-3601,2/7/2020,7/7/2020,2/7/2020,iphone 11,iphone 11,Phone,Apple,1,c4,Home Delivery,21076,Disputed,Yes,Yes
