UserName,ProductModelName,ReviewRating,Status,ReturnedOrder
Lili,X800H,4,Approved,No
Lili,iphone pro11,3,Approved,No
Lili,iphone 11,5,Approved,No
Monica,iphone 11,5,Approved,No
Monica,AirpodsPro,2,Approved,No
Monica,SAMSUNG Galaxy,4,Approved,No
Monica,Smart Alarm,4,Approved,No
Ben,X800H,2,Approved,No
Ben,iphone 11,3,Approved,No
Ben,iphone pro11,3,Approved,Yes
Ben,G5,2,Approved,No
Jerry,X800H,2,Approved,No
Jerry,AirpodsPro,5,Approved,No
Jerry,SAMSUNG Galaxy,5,Approved,No
c1,QN65Q7FN,3,Disputed,No
