<?xml version="1.0" encoding="utf-8"?>
<ProductCatalog>
    <AccessoryCatalog>
        <accessory id="11 ScreenProt">
            <name>11 ScreenProt</name>
            <price>15.0</price>
            <image>acc_11ScreenP.jpg</image>
            <manufacturer>Apple</manufacturer>
            <condition>New</condition>
            <discount>0.99</discount>
            <rebates>19.0</rebates>
            <inventory>466</inventory>
        </accessory>
        <accessory id="11Pro Case">
            <name>11Pro Case</name>
            <price>20.0</price>
            <image>acc_11ProCase.jpg</image>
            <manufacturer>Apple</manufacturer>
            <condition>New</condition>
            <discount>0.0</discount>
            <rebates>17.0</rebates>
            <inventory>992</inventory>
        </accessory>
        <accessory id="Adapter">
            <name>Adapter</name>
            <price>120.0</price>
            <image>acc_adapter.jpg</image>
            <manufacturer>Apple</manufacturer>
            <condition>New</condition>
            <discount>0.0</discount>
            <rebates>13.0</rebates>
            <inventory>797</inventory>
        </accessory>
        <accessory id="AirpodsPro">
            <name>AirpodsPro</name>
            <price>249.0</price>
            <image>acc_airPro.jpg</image>
            <manufacturer>Apple</manufacturer>
            <condition>New</condition>
            <discount>10.0</discount>
            <rebates>15.0</rebates>
            <inventory>782</inventory>
        </accessory>
        <accessory id="Earpods3.5">
            <name>Earpods3.5</name>
            <price>29.0</price>
            <image>acc_earpods3.5.jpg</image>
            <manufacturer>Apple</manufacturer>
            <condition>New</condition>
            <discount>3.0</discount>
            <rebates>3.0</rebates>
            <inventory>544</inventory>
        </accessory>
        <accessory id="Keyboard">
            <name>Keyboard</name>
            <price>125.0</price>
            <image>acc_huawei_keyb.png</image>
            <manufacturer>Huawei</manufacturer>
            <condition>New</condition>
            <discount>20.0</discount>
            <rebates>16.0</rebates>
            <inventory>937</inventory>
        </accessory>
        <accessory id="MobilePower">
            <name>MobilePower</name>
            <price>100.0</price>
            <image>acc_huawei_mobilePower.png</image>
            <manufacturer>Huawei</manufacturer>
            <condition>New</condition>
            <discount>15.0</discount>
            <rebates>11.0</rebates>
            <inventory>431</inventory>
        </accessory>
        <accessory id="Mouse">
            <name>Mouse</name>
            <price>89.99</price>
            <image>acc_huawei_mouse.png</image>
            <manufacturer>Huawei</manufacturer>
            <condition>New</condition>
            <discount>0.0</discount>
            <rebates>9.0</rebates>
            <inventory>731</inventory>
        </accessory>
        <accessory id="P30_ScreenPro">
            <name>P30_ScreenPro</name>
            <price>89.99</price>
            <image>acc_p30_ScreenPro.jpg</image>
            <manufacturer>Huawei</manufacturer>
            <condition>New</condition>
            <discount>18.0</discount>
            <rebates>6.0</rebates>
            <inventory>589</inventory>
        </accessory>
        <accessory id="Pencil">
            <name>Pencil</name>
            <price>30.0</price>
            <image>acc_huawei_pencil.png</image>
            <manufacturer>Huawei</manufacturer>
            <condition>New</condition>
            <discount>5.0</discount>
            <rebates>14.0</rebates>
            <inventory>638</inventory>
        </accessory>
        <accessory id="QuickCharger">
            <name>QuickCharger</name>
            <price>89.99</price>
            <image>acc_huawei_quickCharger.png</image>
            <manufacturer>Huawei</manufacturer>
            <condition>New</condition>
            <discount>40.0</discount>
            <rebates>2.0</rebates>
            <inventory>554</inventory>
        </accessory>
        <accessory id="SelfieStick">
            <name>SelfieStick</name>
            <price>89.99</price>
            <image>acc_huawei_selfieSti.jpg</image>
            <manufacturer>Huawei</manufacturer>
            <condition>New</condition>
            <discount>15.0</discount>
            <rebates>13.0</rebates>
            <inventory>942</inventory>
        </accessory>
        <accessory id="WirelessCharger">
            <name>WirelessCharger</name>
            <price>259.0</price>
            <image>acc_huawei_wirelessCharger.png</image>
            <manufacturer>Huawei</manufacturer>
            <condition>New</condition>
            <discount>40.0</discount>
            <rebates>11.0</rebates>
            <inventory>758</inventory>
        </accessory>
    </AccessoryCatalog>
    <PhoneCatalog>
        <phone id="A10">
            <name>A10</name>
            <price>168.99</price>
            <image>phone_samsung_a10.jpg</image>
            <manufacturer>Samsung</manufacturer>
            <condition>New</condition>
            <discount>19.0</discount>
            <rebates>18.0</rebates>
            <inventory>989</inventory>
            <accessories>
                <accessory>WirelessCharger</accessory>
            </accessories>
        </phone>
        <phone id="A20">
            <name>A20</name>
            <price>453.5</price>
            <image>phone_samsung_a20.jpg</image>
            <manufacturer>Samsung</manufacturer>
            <condition>Used</condition>
            <discount>50.0</discount>
            <rebates>2.0</rebates>
            <inventory>566</inventory>
            <accessories>
                <accessory>QuickCharger</accessory>
            </accessories>
        </phone>
        <phone id="A50">
            <name>A50</name>
            <price>349.98</price>
            <image>phone_samsung_a50.jpg</image>
            <manufacturer>Samsung</manufacturer>
            <condition>New</condition>
            <discount>20.0</discount>
            <rebates>16.0</rebates>
            <inventory>665</inventory>
            <accessories>
                <accessory>MobilePower</accessory>
            </accessories>
        </phone>
        <phone id="A70">
            <name>A70</name>
            <price>334.62</price>
            <image>phone_samsung_a70.jpg</image>
            <manufacturer>Samsung</manufacturer>
            <condition>New</condition>
            <discount>20.0</discount>
            <rebates>3.0</rebates>
            <inventory>735</inventory>
            <accessories>
                <accessory>QuickCharger</accessory>
            </accessories>
        </phone>
        <phone id="Honor8x">
            <name>Honor8x</name>
            <price>189.99</price>
            <image>phone_huawei_honor8x.jpg</image>
            <manufacturer>Huawei</manufacturer>
            <condition>New</condition>
            <discount>17.0</discount>
            <rebates>11.0</rebates>
            <inventory>753</inventory>
            <accessories>
                <accessory>Pencil</accessory>
            </accessories>
        </phone>
        <phone id="iphone 11">
            <name>iphone 11</name>
            <price>699.0</price>
            <image>phone_iphone_11.jpg</image>
            <manufacturer>Apple</manufacturer>
            <condition>New</condition>
            <discount>0.0</discount>
            <rebates>9.0</rebates>
            <inventory>858</inventory>
            <accessories>
                <accessory>AirpodsPro</accessory>
                <accessory>11 ScreenProt</accessory>
            </accessories>
        </phone>
        <phone id="iphone 6s">
            <name>iphone 6s</name>
            <price>399.99</price>
            <image>phone_iphone_6s.jpg</image>
            <manufacturer>Apple</manufacturer>
            <condition>Used</condition>
            <discount>25.0</discount>
            <rebates>16.0</rebates>
            <inventory>698</inventory>
            <accessories>
                <accessory>AirpodsPro</accessory>
                <accessory>Earpods3.5</accessory>
            </accessories>
        </phone>
        <phone id="iphone pro11">
            <name>iphone pro11</name>
            <price>999.0</price>
            <image>phone_iphone_pro11.jpg</image>
            <manufacturer>Apple</manufacturer>
            <condition>New</condition>
            <discount>0.0</discount>
            <rebates>10.0</rebates>
            <inventory>518</inventory>
            <accessories>
                <accessory>AirpodsPro</accessory>
                <accessory>11 ScreenProt</accessory>
                <accessory>11Pro Case</accessory>
            </accessories>
        </phone>
        <phone id="iphone xr">
            <name>iphone xr</name>
            <price>599.0</price>
            <image>phone_iphone_xr.jpg</image>
            <manufacturer>Apple</manufacturer>
            <condition>New</condition>
            <discount>0.0</discount>
            <rebates>5.0</rebates>
            <inventory>698</inventory>
            <accessories>
                <accessory>Adapter</accessory>
            </accessories>
        </phone>
        <phone id="Mate20">
            <name>Mate20</name>
            <price>779.99</price>
            <image>phone_huawei_mate20.jpg</image>
            <manufacturer>Huawei</manufacturer>
            <condition>New</condition>
            <discount>20.0</discount>
            <rebates>16.0</rebates>
            <inventory>541</inventory>
            <accessories>
                <accessory>Pencil</accessory>
            </accessories>
        </phone>
        <phone id="Note 9s">
            <name>Note 9s</name>
            <price>210.93</price>
            <image>phone_xiaomi_Note 9s.jpg</image>
            <manufacturer>Xiaomi</manufacturer>
            <condition>New</condition>
            <discount>8.0</discount>
            <rebates>16.0</rebates>
            <inventory>630</inventory>
            <accessories>
                <accessory>QuickCharger</accessory>
            </accessories>
        </phone>
        <phone id="Note8">
            <name>Note8</name>
            <price>172.99</price>
            <image>phone_xiaomi_Note8.jpg</image>
            <manufacturer>Xiaomi</manufacturer>
            <condition>New</condition>
            <discount>5.0</discount>
            <rebates>0.0</rebates>
            <inventory>458</inventory>
            <accessories>
                <accessory>QuickCharger</accessory>
                <accessory>WirelessCharger</accessory>
                <accessory>MobilePower</accessory>
            </accessories>
        </phone>
        <phone id="P30">
            <name>P30</name>
            <price>172.0</price>
            <image>phone_huawei_p30.jpg</image>
            <manufacturer>Huawei</manufacturer>
            <condition>New</condition>
            <discount>28.05</discount>
            <rebates>8.0</rebates>
            <inventory>506</inventory>
            <accessories>
                <accessory>P30_ScreenPro</accessory>
                <accessory>QuickCharger</accessory>
            </accessories>
        </phone>
        <phone id="S9">
            <name>S9</name>
            <price>367.0</price>
            <image>phone_samsung_s9.jpg</image>
            <manufacturer>Samsung</manufacturer>
            <condition>Used</condition>
            <discount>90.0</discount>
            <rebates>15.0</rebates>
            <inventory>693</inventory>
            <accessories>
                <accessory>QuickCharger</accessory>
            </accessories>
        </phone>
        <phone id="Y9">
            <name>Y9</name>
            <price>571.0</price>
            <image>phone_huawei_y9.jpg</image>
            <manufacturer>Huawei</manufacturer>
            <condition>Used</condition>
            <discount>61.0</discount>
            <rebates>5.0</rebates>
            <inventory>574</inventory>
            <accessories>
                <accessory>QuickCharger</accessory>
                <accessory>WirelessCharger</accessory>
            </accessories>
        </phone>
    </PhoneCatalog>
    <TVCatalog>
        <tv id="40S325">
            <name>40S325</name>
            <price>398.0</price>
            <image>tv_TCL1080p.jpg</image>
            <manufacturer>TCL</manufacturer>
            <condition>New</condition>
            <discount>100.0</discount>
            <rebates>20.0</rebates>
            <inventory>599</inventory>
        </tv>
        <tv id="49NANO85UNA">
            <name>49NANO85UNA</name>
            <price>596.99</price>
            <image>tv_LG1080p.jpg</image>
            <manufacturer>LG</manufacturer>
            <condition>New</condition>
            <discount>12.0</discount>
            <rebates>0.0</rebates>
            <inventory>885</inventory>
        </tv>
        <tv id="5-Series">
            <name>5-Series</name>
            <price>449.99</price>
            <image>tv_TCL720p.jpg</image>
            <manufacturer>TCL</manufacturer>
            <condition>New</condition>
            <discount>10.0</discount>
            <rebates>1.0</rebates>
            <inventory>427</inventory>
        </tv>
        <tv id="50LF621U21">
            <name>50LF621U21</name>
            <price>429.99</price>
            <image>tv_TCL4k.jpg</image>
            <manufacturer>TCL</manufacturer>
            <condition>New</condition>
            <discount>50.0</discount>
            <rebates>2.0</rebates>
            <inventory>927</inventory>
        </tv>
        <tv id="C9">
            <name>C9</name>
            <price>249.99</price>
            <image>tv_LG4k.jpg</image>
            <manufacturer>LG</manufacturer>
            <condition>New</condition>
            <discount>10.0</discount>
            <rebates>6.0</rebates>
            <inventory>453</inventory>
        </tv>
        <tv id="OLED48CXPUB">
            <name>OLED48CXPUB</name>
            <price>1496.99</price>
            <image>tv_LG720p.jpg</image>
            <manufacturer>LG</manufacturer>
            <condition>New</condition>
            <discount>26.0</discount>
            <rebates>5.0</rebates>
            <inventory>915</inventory>
        </tv>
        <tv id="QB65R">
            <name>QB65R</name>
            <price>1125.0</price>
            <image>tv_samsung8k.jpg</image>
            <manufacturer>Samsung</manufacturer>
            <condition>New</condition>
            <discount>123.8</discount>
            <rebates>1.0</rebates>
            <inventory>814</inventory>
        </tv>
        <tv id="QN65Q7FN">
            <name>QN65Q7FN</name>
            <price>124.0</price>
            <image>tv_samsung_QN65Q7FN.jpg</image>
            <manufacturer>Samsung</manufacturer>
            <condition>New</condition>
            <discount>1.0</discount>
            <rebates>5.0</rebates>
            <inventory>559</inventory>
        </tv>
        <tv id="ST65Q6FN">
            <name>ST65Q6FN</name>
            <price>612.3</price>
            <image>tv_samsung_QN65Q6FN.jpg</image>
            <manufacturer>Samsung</manufacturer>
            <condition>New</condition>
            <discount>13.0</discount>
            <rebates>16.0</rebates>
            <inventory>696</inventory>
        </tv>
        <tv id="TU-8000">
            <name>TU-8000</name>
            <price>497.99</price>
            <image>tv_samsung4k.jpg</image>
            <manufacturer>Samsung</manufacturer>
            <condition>New</condition>
            <discount>10.0</discount>
            <rebates>13.0</rebates>
            <inventory>460</inventory>
        </tv>
        <tv id="UN32N">
            <name>UN32N</name>
            <price>236.3</price>
            <image>tv_samsung1080p.jpg</image>
            <manufacturer>Samsung</manufacturer>
            <condition>New</condition>
            <discount>20.0</discount>
            <rebates>17.0</rebates>
            <inventory>410</inventory>
        </tv>
        <tv id="UN43NU7100F">
            <name>UN43NU7100F</name>
            <price>351.4</price>
            <image>tv_samsung_UN43NU7100FXZA.jpg</image>
            <manufacturer>Samsung</manufacturer>
            <condition>New</condition>
            <discount>14.5</discount>
            <rebates>6.0</rebates>
            <inventory>869</inventory>
        </tv>
        <tv id="UN55RU71">
            <name>UN55RU71</name>
            <price>982.0</price>
            <image>tv_samsung_UN55RU7100FXZA.jpg</image>
            <manufacturer>Samsung</manufacturer>
            <condition>New</condition>
            <discount>100.0</discount>
            <rebates>20.0</rebates>
            <inventory>919</inventory>
        </tv>
        <tv id="X800H">
            <name>X800H</name>
            <price>598.0</price>
            <image>tv_sony-X800H.jpg</image>
            <manufacturer>Sony</manufacturer>
            <condition>New</condition>
            <discount>50.0</discount>
            <rebates>18.0</rebates>
            <inventory>435</inventory>
        </tv>
        <tv id="XBR-49X800G">
            <name>XBR-49X800G</name>
            <price>696.92</price>
            <image>tv_sony_XBR-49X800G.jpg</image>
            <manufacturer>Sony</manufacturer>
            <condition>New</condition>
            <discount>10.0</discount>
            <rebates>14.0</rebates>
            <inventory>705</inventory>
        </tv>
        <tv id="XBR-65A8H">
            <name>XBR-65A8H</name>
            <price>2498.0</price>
            <image>tv_sony_XBR-65A8H.jpg</image>
            <manufacturer>Sony</manufacturer>
            <condition>New</condition>
            <discount>108.4</discount>
            <rebates>18.0</rebates>
            <inventory>618</inventory>
        </tv>
    </TVCatalog>
    <SoundCatalog>
        <sound id="3.1 Channel">
            <name>3.1 Channel</name>
            <price>856.0</price>
            <image>sound_dt_3.1 Channel.jpg</image>
            <manufacturer>DefinitiveTechnology</manufacturer>
            <condition>New</condition>
            <discount>80.0</discount>
            <rebates>11.0</rebates>
            <inventory>618</inventory>
        </sound>
        <sound id="5.1 set">
            <name>5.1 set</name>
            <price>480.07</price>
            <image>sound_bose_5.1 set.jpg</image>
            <manufacturer>Bose</manufacturer>
            <condition>New</condition>
            <discount>40.0</discount>
            <rebates>5.0</rebates>
            <inventory>882</inventory>
        </sound>
        <sound id="BP-9020">
            <name>BP-9020</name>
            <price>699.0</price>
            <image>sound_df_BP-9020.jpg</image>
            <manufacturer>DefinitiveTechnology</manufacturer>
            <condition>New</condition>
            <discount>15.0</discount>
            <rebates>14.0</rebates>
            <inventory>520</inventory>
        </sound>
        <sound id="solo 5">
            <name>solo 5</name>
            <price>199.0</price>
            <image>sound_bose_solo 5.jpg</image>
            <manufacturer>Bose</manufacturer>
            <condition>New</condition>
            <discount>10.0</discount>
            <rebates>0.0</rebates>
            <inventory>872</inventory>
        </sound>
        <sound id="wave">
            <name>wave</name>
            <price>408.0</price>
            <image>sound_bose_wave.jpg</image>
            <manufacturer>Bose</manufacturer>
            <condition>New</condition>
            <discount>13.0</discount>
            <rebates>19.0</rebates>
            <inventory>988</inventory>
        </sound>
        <sound id="Z323">
            <name>Z323</name>
            <price>189.99</price>
            <image>ss_LogitechZ323.jpg</image>
            <manufacturer>Logitech</manufacturer>
            <condition>New</condition>
            <discount>20.0</discount>
            <rebates>7.0</rebates>
            <inventory>970</inventory>
        </sound>
        <sound id="Z506">
            <name>AZ506</name>
            <price>39.99</price>
            <image>ss_LogitechZ506.jpg</image>
            <manufacturer>Logitech</manufacturer>
            <condition>Used</condition>
            <discount>0.0</discount>
            <rebates>20.0</rebates>
            <inventory>795</inventory>
        </sound>
        <sound id="Z625">
            <name>Z625</name>
            <price>259.99</price>
            <image>ss_LogitechZ625.jpg</image>
            <manufacturer>Logitech</manufacturer>
            <condition>New</condition>
            <discount>2.0</discount>
            <rebates>18.0</rebates>
            <inventory>667</inventory>
        </sound>
        <sound id="Z906">
            <name>Z906</name>
            <price>129.99</price>
            <image>ss_LogitechZ906.jpg</image>
            <manufacturer>Logitech</manufacturer>
            <condition>New</condition>
            <discount>11.0</discount>
            <rebates>7.0</rebates>
            <inventory>549</inventory>
        </sound>
    </SoundCatalog>

    <LaptopCatalog>
        <laptop id="15.6HD">
            <name>15.6HD</name>
            <price>799.0</price>
            <image>laptop_hp_15.6HD.jpg</image>
            <manufacturer>HP</manufacturer>
            <condition>New</condition>
            <discount>15.0</discount>
            <rebates>6.0</rebates>
            <inventory>763</inventory>
        </laptop>
        <laptop id="2019">
            <name>2019</name>
            <price>699.0</price>
            <image>laptop_hp_2019.jpg</image>
            <manufacturer>HP</manufacturer>
            <condition>New</condition>
            <discount>103.1</discount>
            <rebates>3.0</rebates>
            <inventory>439</inventory>
        </laptop>
        <laptop id="2020">
            <name>2020</name>
            <price>749.0</price>
            <image>laptop_hp_2020.jpg</image>
            <manufacturer>HP</manufacturer>
            <condition>New</condition>
            <discount>10.0</discount>
            <rebates>16.0</rebates>
            <inventory>707</inventory>
        </laptop>
        <laptop id="A6-9220e">
            <name>A6-9220e</name>
            <price>749.0</price>
            <image>laptop_dell_A6-9220e.jpg</image>
            <manufacturer>Dell</manufacturer>
            <condition>New</condition>
            <discount>50.0</discount>
            <rebates>14.0</rebates>
            <inventory>626</inventory>
        </laptop>
        <laptop id="Flex14">
            <name>M4800</name>
            <price>658.0</price>
            <image>laptop_L_Flex14.jpg</image>
            <manufacturer>Lenovo</manufacturer>
            <condition>New</condition>
            <discount>18.0</discount>
            <rebates>11.0</rebates>
            <inventory>912</inventory>
        </laptop>
        <laptop id="G5">
            <name>G5</name>
            <price>1249.0</price>
            <image>laptop_dell_g5.jpg</image>
            <manufacturer>Dell</manufacturer>
            <condition>New</condition>
            <discount>100.0</discount>
            <rebates>20.0</rebates>
            <inventory>608</inventory>
        </laptop>
        <laptop id="Ideapad3">
            <name>Ideapad3</name>
            <price>549.0</price>
            <image>laptop_L_Ideapad3.jpg</image>
            <manufacturer>Lenovo</manufacturer>
            <condition>New</condition>
            <discount>39.0</discount>
            <rebates>17.0</rebates>
            <inventory>463</inventory>
        </laptop>
        <laptop id="Latest Mac15">
            <name>Latest Mac15</name>
            <price>2549.0</price>
            <image>laptop_apple_latest_mac15.jpg</image>
            <manufacturer>Apple</manufacturer>
            <condition>New</condition>
            <discount>0.0</discount>
            <rebates>3.0</rebates>
            <inventory>990</inventory>
        </laptop>
        <laptop id="M4800">
            <name>M4800</name>
            <price>695.97</price>
            <image>laptop_dell_m4800.jpg</image>
            <manufacturer>Dell</manufacturer>
            <condition>New</condition>
            <discount>35.0</discount>
            <rebates>10.0</rebates>
            <inventory>540</inventory>
        </laptop>
        <laptop id="Mac13">
            <name>Mac13</name>
            <price>1464.0</price>
            <image>laptop_apple_mac13.jpg</image>
            <manufacturer>Apple</manufacturer>
            <condition>New</condition>
            <discount>128.0</discount>
            <rebates>19.0</rebates>
            <inventory>529</inventory>
        </laptop>
        <laptop id="Mac15">
            <name>Mac15</name>
            <price>1343.78</price>
            <image>laptop_apple_mac15.jpg</image>
            <manufacturer>Apple</manufacturer>
            <condition>Used</condition>
            <discount>400.0</discount>
            <rebates>2.0</rebates>
            <inventory>625</inventory>
        </laptop>
        <laptop id="Yoga C740-14">
            <name>Yoga C740-14</name>
            <price>688.88</price>
            <image>laptop_L_Yoga_C740-14.jpg</image>
            <manufacturer>Lenovo</manufacturer>
            <condition>New</condition>
            <discount>111.11</discount>
            <rebates>13.0</rebates>
            <inventory>618</inventory>
        </laptop>
    </LaptopCatalog>
    <VoiceCatalog>
        <voice id="3rd">
            <name>3rd</name>
            <price>49.99</price>
            <image>voiceA_Alexa_3rd.jpg</image>
            <manufacturer>Amazon</manufacturer>
            <condition>New</condition>
            <discount>3.0</discount>
            <rebates>6.0</rebates>
            <inventory>571</inventory>
        </voice>
        <voice id="Home Max">
            <name>Home Max</name>
            <price>299.99</price>
            <image>voiceA_google_Home_max.jpg</image>
            <manufacturer>Google</manufacturer>
            <condition>New</condition>
            <discount>14.0</discount>
            <rebates>13.0</rebates>
            <inventory>896</inventory>
        </voice>
        <voice id="HomePod">
            <name>HomePod</name>
            <price>299.99</price>
            <image>voiceA_Apple_HomePod.jpg</image>
            <manufacturer>Apple</manufacturer>
            <condition>New</condition>
            <discount>0.0</discount>
            <rebates>6.0</rebates>
            <inventory>768</inventory>
        </voice>
        <voice id="Nest Mini">
            <name>Nest Mini</name>
            <price>39.99</price>
            <image>voiceA_google_nest_mini.jpg</image>
            <manufacturer>Google</manufacturer>
            <condition>New</condition>
            <discount>2.99</discount>
            <rebates>13.0</rebates>
            <inventory>765</inventory>
        </voice>
        <voice id="Smart Alarm">
            <name>Smart Alarm</name>
            <price>89.99</price>
            <image>voiceA_Alexa_smart_alarm.jpg</image>
            <manufacturer>Amazon</manufacturer>
            <condition>New</condition>
            <discount>10.0</discount>
            <rebates>4.0</rebates>
            <inventory>700</inventory>
        </voice>
    </VoiceCatalog>
    <FitnessCatalog>
        <fitness id="FITBIT Blaze">
            <name>FITBIT Blaze</name>
            <price>229.95</price>
            <image>fitness_fitbit_blaze.jpg</image>
            <manufacturer>Fitbit</manufacturer>
            <condition>New</condition>
            <discount>10.0</discount>
            <rebates>11.0</rebates>
            <inventory>603</inventory>
        </fitness>
        <fitness id="FITBIT Versa2">
            <name>FITBIT Versa2</name>
            <price>179.0</price>
            <image>fitness_fitbit_versa2.jpg</image>
            <manufacturer>Fitbit</manufacturer>
            <condition>New</condition>
            <discount>15.0</discount>
            <rebates>4.0</rebates>
            <inventory>984</inventory>
        </fitness>
        <fitness id="GARMIN F235">
            <name>GARMIN F235</name>
            <price>169.99</price>
            <image>fitness_garmin_F235.jpg</image>
            <manufacturer>Garmin</manufacturer>
            <condition>New</condition>
            <discount>12.99</discount>
            <rebates>6.0</rebates>
            <inventory>504</inventory>
        </fitness>
        <fitness id="GARMIN F35">
            <name>GARMIN F35</name>
            <price>239.0</price>
            <image>fitness_garmin_F35.jpg</image>
            <manufacturer>Garmin</manufacturer>
            <condition>New</condition>
            <discount>5.0</discount>
            <rebates>3.0</rebates>
            <inventory>351</inventory>
        </fitness>
        <fitness id="GARMIN V3">
            <name>GARMIN V3</name>
            <price>70.0</price>
            <image>fitness_garmin_v3.jpg</image>
            <manufacturer>Garmin</manufacturer>
            <condition>Used</condition>
            <discount>0.0</discount>
            <rebates>0.0</rebates>
            <inventory>200</inventory>
        </fitness>
    </FitnessCatalog>
    <SmartCatalog>
        <smart id="SAMSUNG Galaxy">
            <name>SAMSUNG Galaxy</name>
            <price>562.0</price>
            <image>smart_samsung_Galaxy.jpg</image>
            <manufacturer>Samsung</manufacturer>
            <condition>New</condition>
            <discount>24.0</discount>
            <rebates>10.0</rebates>
            <inventory>381</inventory>
        </smart>
        <smart id="SAMSUNG R800">
            <name>SAMSUNG R800</name>
            <price>275.0</price>
            <image>smart_samsung_SM-R800NZSAXAR.jpg</image>
            <manufacturer>Samsung</manufacturer>
            <condition>New</condition>
            <discount>15.0</discount>
            <rebates>5.0</rebates>
            <inventory>123</inventory>
        </smart>
        <smart id="SAMSUNG S3">
            <name>SAMSUNG S3</name>
            <price>239.0</price>
            <image>smart_samsung_s3.jpg</image>
            <manufacturer>Samsung</manufacturer>
            <condition>New</condition>
            <discount>40.0</discount>
            <rebates>7.0</rebates>
            <inventory>804</inventory>
        </smart>
        <smart id="SONY Dial3">
            <name>SONY Dial3</name>
            <price>25.0</price>
            <image>smart_sony_dial3.jpg</image>
            <manufacturer>Sony</manufacturer>
            <condition>Used</condition>
            <discount>0.0</discount>
            <rebates>6.0</rebates>
            <inventory>100</inventory>
        </smart>
        <smart id="SONY V1">
            <name>SONY V1</name>
            <price>99.99</price>
            <image>smart_sony_v1.jpg</image>
            <manufacturer>Sony</manufacturer>
            <condition>New</condition>
            <discount>25.0</discount>
            <rebates>11.0</rebates>
            <inventory>892</inventory>
        </smart>
    </SmartCatalog>
    <HeadphoneCatalog>
        <headphone id="PANASONIC 101">
            <name>PANASONIC 101</name>
            <price>29.95</price>
            <image>headphone_panasonic_101.jpg</image>
            <manufacturer>Panasonic</manufacturer>
            <condition>New</condition>
            <discount>8.0</discount>
            <rebates>8.0</rebates>
            <inventory>427</inventory>
        </headphone>
        <headphone id="PANASONIC 161">
            <name>PANASONIC 161</name>
            <price>159.0</price>
            <image>headphone_panasonic_161.jpg</image>
            <manufacturer>Panasonic</manufacturer>
            <condition>New</condition>
            <discount>8.0</discount>
            <rebates>5.0</rebates>
            <inventory>528</inventory>
        </headphone>
        <headphone id="PANASONIC 21">
            <name>PANASONIC 21</name>
            <price>63.0</price>
            <image>headphone_panasonic_21.jpg</image>
            <manufacturer>Panasonic</manufacturer>
            <condition>New</condition>
            <discount>10.0</discount>
            <rebates>20.0</rebates>
            <inventory>566</inventory>
        </headphone>
        <headphone id="SONY 310">
            <name>SONY 310</name>
            <price>59.95</price>
            <image>headphone_sony_310.jpg</image>
            <manufacturer>Sony</manufacturer>
            <condition>New</condition>
            <discount>12.99</discount>
            <rebates>10.0</rebates>
            <inventory>661</inventory>
        </headphone>
        <headphone id="SONY ZX">
            <name>SONY ZX</name>
            <price>9.99</price>
            <image>headphone_sony_zx.jpg</image>
            <manufacturer>Sony</manufacturer>
            <condition>New</condition>
            <discount>0.0</discount>
            <rebates>1.0</rebates>
            <inventory>874</inventory>
        </headphone>
    </HeadphoneCatalog>
    <VirtualCatalog>
        <virtual id="HTC Vive">
            <name>HTC Vive</name>
            <price>899.0</price>
            <image>virtual_HTC_vive.jpg</image>
            <manufacturer>HTC</manufacturer>
            <condition>New</condition>
            <discount>0.0</discount>
            <rebates>19.0</rebates>
            <inventory>345</inventory>
        </virtual>
        <virtual id="OCULUS Quest2">
            <name>OCULUS Quest2</name>
            <price>299.0</price>
            <image>virtual_oculus_quest2.jpg</image>
            <manufacturer>Oculus</manufacturer>
            <condition>New</condition>
            <discount>10.0</discount>
            <rebates>16.0</rebates>
            <inventory>599</inventory>
        </virtual>
        <virtual id="OCULUS Rift_S">
            <name>OCULUS Rift_S</name>
            <price>399.0</price>
            <image>virtual_oculus_rift_s.jpg</image>
            <manufacturer>Oculus</manufacturer>
            <condition>New</condition>
            <discount>16.0</discount>
            <rebates>19.0</rebates>
            <inventory>622</inventory>
        </virtual>
        <virtual id="PANSONITE Anti">
            <name>PANSONITE Anti</name>
            <price>52.99</price>
            <image>virtual_pansonite_Anti-Blue-Light.jpg</image>
            <manufacturer>Pansonite</manufacturer>
            <condition>New</condition>
            <discount>10.0</discount>
            <rebates>15.0</rebates>
            <inventory>551</inventory>
        </virtual>
        <virtual id="PANSONITE UL">
            <name>PANSONITE UL</name>
            <price>13.99</price>
            <image>virtual_pansonite_UL.jpg</image>
            <manufacturer>Pansonite</manufacturer>
            <condition>New</condition>
            <discount>0.0</discount>
            <rebates>16.0</rebates>
            <inventory>658</inventory>
        </virtual>
    </VirtualCatalog>
    <PetCatalog>
        <pet id="CUBE Bluetooth">
            <name>CUBE Bluetooth</name>
            <price>24.95</price>
            <image>pet_cube_Bluetooth.jpg</image>
            <manufacturer>Cube</manufacturer>
            <condition>New</condition>
            <discount>2.99</discount>
            <rebates>11.0</rebates>
            <inventory>906</inventory>
        </pet>
        <pet id="DYNOTAG QR">
            <name>DYNOTAG QR</name>
            <price>19.95</price>
            <image>pet_dynotag_QR.jpg</image>
            <manufacturer>Dynotag</manufacturer>
            <condition>New</condition>
            <discount>0.99</discount>
            <rebates>16.0</rebates>
            <inventory>972</inventory>
        </pet>
        <pet id="PetFon GPS">
            <name>PetFon GPS</name>
            <price>189.99</price>
            <image>pet_petFon_GPS.jpg</image>
            <manufacturer>PetFon</manufacturer>
            <condition>New</condition>
            <discount>10.0</discount>
            <rebates>10.0</rebates>
            <inventory>361</inventory>
        </pet>
        <pet id="WHISTLE Blue_Combo">
            <name>WHISTLE Blue_Combo</name>
            <price>129.9</price>
            <image>pet_whistle_blue_combo.jpg</image>
            <manufacturer>Whistle</manufacturer>
            <condition>New</condition>
            <discount>1.97</discount>
            <rebates>13.0</rebates>
            <inventory>584</inventory>
        </pet>
        <pet id="WHISTLE Go_Explore">
            <name>WHISTLE Go_Explore</name>
            <price>29.95</price>
            <image>pet_whistle_go explore.jpg</image>
            <manufacturer>Whistle</manufacturer>
            <condition>New</condition>
            <discount>1.0</discount>
            <rebates>0.0</rebates>
            <inventory>261</inventory>
        </pet>
    </PetCatalog>
    
</ProductCatalog>
